keyword,count
the,19
order,14
my,11
a,11
in,9
you,9
to,9
i,8
new,6
is,6
this,6
can,6
funds,6
usdt,6
and,5
will,5
gatemix,5
once,5
has,5
it,5
your,5
earn,4
start,4
on,4
of,4
are,4
that,4
processed,3
ill,3
second,3
me,3
another,3
just,3
even,3
was,3
withdraw,3
over,3
time,3
be,3
earnings,3
for,3
day,3
transfer,3
started,3
bitcoin,3
money,3
complete,2
todays,2
ive,2
completed,2
k,2
participate,2
message,2
directly,2
withdrawal,2
its,2
only,2
an,2
happy,2
one,2
up,2
by,2
invest,2
if,2
thats,2
recommend,2
much,2
term,2
have,2
coin,2
mixing,2
credited,2
isnt,2
now,1
being,1
hours,1
lets,1
last,1
good,1
afternoon,1
already,1
first,1
today,1
investment,1
tier,1
starting,1
point,1
premium,1
membersonly,1
group,1
most,1
seasoned,1
investors,1
tieror,1
higher,1
tiers,1
deleted,1
during,1
process,1
automatically,1
deduct,1
fee,1
from,1
amount,1
there,1
no,1
other,1
fees,1
through,1
consistent,1
effort,1
reached,1
ideal,1
income,1
level,1
believe,1
matter,1
before,1
others,1
achieve,1
their,1
goals,1
as,1
well,1
hour,1
able,1
final,1
reach,1
impressive,1
we,1
holding,1
period,1
ends,1
think,1
drawback,1
crypto,1
wallets,1
been,1
earned,1
im,1
going,1
working,1
next,1
friday,1
finished,1
right,1
away,1
gone,1
past,1
month,1
made,1
little,1
off,1
why,1
suddenly,1
asking,1
about,1
planning,1
edited,1
case,1
wouldnt,1
because,1
price,1
fluctuates,1
too,1
short,1
making,1
easy,1
lose,1
need,1
hold,1
long,1
putting,1
into,1
safer,1
option,1
orderprofit,1
receive,1
commission,1
share,1
profit,1
history,1
with,1
friends,1
theyll,1
definitely,1
eager,1
give,1
try,1
choose,1
make,1
bank,1
wire,1
method,1
very,1
fast,1
typically,1
within,1
them,1
out,1
immediately,1
withdrawing,1
muchi,1
easily,1
single,1
every,1
several,1
thousand,1
or,1
go,1
ahead,1
taking,1
orders,1
friend,1
unlimited,1
potential,1
enough,1
youll,1
see,1
earning,1
hard,1
monday,1
manager,1
how,1
weekend,1
