Keyword,Frequency
orders,8
gatemix,7
investment,6
need,5
all,5
so,4
earn,4
invest,4
making,3
money,3
up,3
more,3
cryptocurrency,3
investing,3
how,3
do,3
usdt,3
just,3
trading,3
there,3
tyler,3
next,3
when,3
completed,3
20,3
plan,3
i’ll,2
learn,2
good,2
day,2
from,2
much,2
300,2
an,2
account,2
channels,2
profit,2
has,2
already,2
through,2
its,2
start,2
yes,2
ive,2
what,2
complete,2
if,2
mixing,2
go,2
us,2
ill,2
able,2
very,2
returns,2
them,2
funds,2
channel,2
like,1
stick,1
around,1
observe,1
it’s,1
thing,1
pick,1
moneymaking,1
skills,1
does,1
mean,1
330,1
typically,1
involves,1
participate,1
trade,1
within,1
acceptable,1
range,1
use,1
link,1
above,1
sign,1
own,1
directly,1
signed,1
there’s,1
actually,1
30,1
see,1
lot,1
mixer,1
interface,1
why,1
many,1
probability,1
100,1
contacted,1
obtained,1
msb,1
certification,1
legally,1
regulated,1
platform,1
okay,1
guiding,1
me,1
steps,1
placing,1
order,1
pretty,1
simple,1
figured,1
out,1
right,1
away,1
anything,1
else,1
easy,1
wait,1
5,1
hours,1
youll,1
get,1
paid,1
morning,1
another,1
great,1
begun,1
i’m,1
going,1
taking,1
was,1
huge,1
help,1
joined,1
record,1
happens,1
after,1
guarantee,1
consistent,1
profits,1
will,1
definitely,1
commissions,1
place,1
seems,1
different,1
other,1
types,1
first,1
learning,1
process,1
current,1
level,1
isn’t,1
important,1
matters,1
stability,1
novel,1
believe,1
won’t,1
let,1
down,1
any,1
way,1
increase,1
income,1
quickly,1
im,1
jealous,1
wonder,1
commission,1
11,1
offers,1
stable,1
week,1
higher,1
told,1
friends,1
about,1
here,1
were,1
interested,1
ask,1
really,1
finish,1
by,1
monday,1
carefully,1
allocate,1
future,1
investments,1
i’ve,1
now,1
gone,1
want,1
withdraw,1
then,1
proceed,1
phase,1
